Term,Meaning_of_term,Dialect type,Location_Recognition_question,Cultural_Interpretation_question,Contextual_Usage_question,Fill_in_Blank_question,True_False_question,Meaning_question,Added_by,Date_added,Status
"سؤال_مستخدم","سؤال مقدم من المستخدم","general","","","","","السؤال: رد السلام عليكم هو وعليكم السلام
أ) صحيح
ب) خطأ
الإجابة الصحيحة: صحيح
تمت الإضافة بواسطة: solados1
تاريخ الإضافة: 2025-12-20 15:17:01","","solados1","2025-12-20 15:17:01","pending"
"سؤال_مستخدم","سؤال مقدم من المستخدم","northern","","","","","السؤال: كلمة 'مرحبًا' تستخدم للترحيب
أ) صحيح
ب) خطأ
الإجابة الصحيحة: صحيح
تمت الإضافة بواسطة: solados1
تاريخ الإضافة: 2025-12-20 12:31:21","","solados1","2025-12-20 12:31:21","pending"